Run,Best_Return,Best_Weights,Execution_Time,Fitness_History
1,0.04353404524391138,"0.008464243029712732,0.011777944846092184,0.004443878513010082,0.018684770321944596,0.004068924568512384,0.8759628756438681,0.00014618836666266792,0.0036814654841578563,0.009184568261008,1.4442336642350794e-05,0.0011031907345246698,0.0052839240235037456,0.000699703136310289,0.009400630692093435,0.0006329596272190675,0.015623981949658758,0.0006217808193151492,0.0019884510261945483,0.019908590001678373,0.008307486617891026",0.0945439338684082,"0.01979168827065485,0.01979168827065485,0.019842174045037006,0.020114513332496232,0.020114513332496232,0.024979658805318238,0.026496628123032766,0.026496628123032766,0.026496628123032766,0.026496628123032766,0.026496628123032766,0.026496628123032766,0.026496628123032766,0.026496628123032766,0.027062670332036912,0.0307697415431835,0.0307697415431835,0.0307697415431835,0.0307697415431835,0.0307697415431835,0.030899664957006853,0.030899664957006853,0.03177640997755637,0.03177640997755637,0.03338662078313153,0.03349386736834386,0.03349386736834386,0.03349386736834386,0.03349386736834386,0.03349386736834386,0.03349386736834386,0.0342973735169257,0.0342973735169257,0.03456738933807507,0.034729515665896514,0.036366701632870646,0.036536877633336476,0.036536877633336476,0.03653687763333648,0.03653687763333648,0.03697489917158736,0.03697489917158736,0.03697489917158736,0.03747479909093782,0.03747479909093782,0.03747479909093782,0.03747479909093782,0.03747479909093782,0.03747479909093782,0.03825437425527836,0.03825437425527836,0.03905559823945634,0.03905559823945634,0.03905559823945634,0.039611615561112215,0.039611615561112215,0.04000813273289173,0.0401422030928186,0.0401422030928186,0.0401422030928186,0.0401422030928186,0.0401422030928186,0.040347707718442455,0.04087055227537549,0.04087420954327805,0.04087420954327805,0.04087420954327805,0.04087420954327805,0.04087420954327805,0.041106011608369915,0.041605483631707164,0.041605483631707164,0.041605483631707164,0.04174871275518258,0.04174871275518258,0.04174871275518258,0.04174871275518258,0.04174871275518258,0.04186804512385423,0.04186804512385423,0.04200725172748325,0.04200725172748326,0.04200725172748326,0.04200725172748326,0.04200725172748326,0.04200725172748326,0.04208397545288042,0.04208397545288042,0.0426542088700781,0.0426542088700781,0.0426542088700781,0.0426542088700781,0.04300943646732957,0.04300943646732957,0.04353404524391138,0.04353404524391138,0.04353404524391138,0.04353404524391138,0.04353404524391138,0.04353404524391138"
2,0.04332428783677774,"0.004990908602724076,0.009707979401607046,0.0019232827186138853,0.0029900195462805776,0.003515794815554136,0.8649710886010559,0.0032572189563194647,0.02484075988038624,0.008308104218405983,0.0023616301103219365,0.0011653834992706776,0.01536715183588572,0.006324672846890177,0.000559661910672773,0.005151090787662661,0.015583341086367894,0.0028083867660699006,0.010988878194175877,0.007703277069759946,0.007481369151975208",0.09364676475524902,"0.019325090773717978,0.019517421657636598,0.019517421657636598,0.019517421657636598,0.02237744685983894,0.02237744685983894,0.022476765872980947,0.022476765872980947,0.022476765872980947,0.023358600296296623,0.023358600296296623,0.023358600296296623,0.02376561510091985,0.024672665654431304,0.024672665654431304,0.024967526850803317,0.024967526850803317,0.025608414069043777,0.025608414069043777,0.025832276288951468,0.025832276288951468,0.02617397774633179,0.02662478850322983,0.02662478850322983,0.027003570069121508,0.027003570069121508,0.027127107870583412,0.02761765376186194,0.028141727577345642,0.028141727577345642,0.028141727577345642,0.02924358878338652,0.02924358878338652,0.02924358878338652,0.031614600884969556,0.03190092042937921,0.03190092042937921,0.03190092042937921,0.03190092042937921,0.03190092042937921,0.032035761884664594,0.032035761884664594,0.03234509245105609,0.03234509245105609,0.03256947385251389,0.032835590735556114,0.033696700429191,0.033696700429191,0.03422642288026128,0.03422642288026128,0.03422642288026128,0.03422642288026128,0.03556636765154161,0.03556636765154161,0.03556636765154161,0.03556636765154161,0.03556636765154161,0.03746254404019345,0.03746254404019345,0.03746254404019345,0.03746254404019345,0.03851674586817094,0.038565547823102814,0.038565547823102814,0.038565547823102814,0.038565547823102814,0.038969734817895126,0.038969734817895126,0.04015500675812412,0.040155006758124126,0.040155006758124126,0.040155006758124126,0.040155006758124126,0.040155006758124126,0.040155006758124126,0.040155006758124126,0.040155006758124126,0.040858212725376125,0.040858212725376125,0.040858212725376125,0.041047663408369954,0.041314063616461144,0.041314063616461144,0.04226191028369219,0.04226191028369219,0.04226191028369219,0.04226191028369219,0.04226191028369219,0.04226191028369219,0.04226191028369219,0.04332428783677774,0.04332428783677774,0.04332428783677774,0.04332428783677774,0.04332428783677774,0.04332428783677774,0.04332428783677774,0.04332428783677774,0.04332428783677774,0.04332428783677774"
3,0.040562220253714976,"0.02012851465996594,0.024521417764981113,0.006669300672734434,0.008738512094860434,0.015271775340504218,0.7972688389380878,0.007269995575611194,0.009796262444480605,0.0048928552430508015,0.019777331133683403,0.007156484679058328,0.0012635137039292393,0.00498851023321758,0.008906829263247495,0.0005176480810674054,0.00207547287994917,0.009750865053481553,0.01547597362160829,0.024933359754023107,0.010596538862457941",0.09248781204223633,"0.01578000235821699,0.01578000235821699,0.01578000235821699,0.018616010164406508,0.018616010164406508,0.018616010164406508,0.018616010164406508,0.020076790691623995,0.020076790691623995,0.020076790691623995,0.020076790691623995,0.0219255168776177,0.0219255168776177,0.02400718800174652,0.02400718800174652,0.02400718800174652,0.024361061171913237,0.024361061171913237,0.024506537819492153,0.024668880011354435,0.025218715194476576,0.02542180027664798,0.02542180027664798,0.026119339119576028,0.026119339119576028,0.026119339119576028,0.026119339119576028,0.029073715237280463,0.029073715237280463,0.029073715237280463,0.029073715237280463,0.029073715237280463,0.029073715237280463,0.029183051768465654,0.03124083205563784,0.03124083205563784,0.031240832055637845,0.031240832055637845,0.031240832055637845,0.031240832055637845,0.03237227123248043,0.03237227123248044,0.03237227123248044,0.03454349234450036,0.03480344859587045,0.03480344859587045,0.03480344859587045,0.03532908104651569,0.03532908104651569,0.03532908104651569,0.03532908104651569,0.03566978731239053,0.037267079112850494,0.037267079112850494,0.037267079112850494,0.03731931378718298,0.03731931378718298,0.03731931378718298,0.03741978103206566,0.03741978103206566,0.03741978103206566,0.0374531785264869,0.0374531785264869,0.0374531785264869,0.0374531785264869,0.0374531785264869,0.0374531785264869,0.03802252607540331,0.03802252607540331,0.03867366441927377,0.03867366441927377,0.03867366441927377,0.039320780664102294,0.039320780664102294,0.039320780664102294,0.039320780664102294,0.039320780664102294,0.039320780664102294,0.03980276574708559,0.03980276574708559,0.03980276574708559,0.03980276574708559,0.039802765747085606,0.039802765747085606,0.039802765747085606,0.039802765747085606,0.039802765747085606,0.039802765747085606,0.04031809135444987,0.04031809135444987,0.04031809135444987,0.04031809135444987,0.04031809135444987,0.04031809135444987,0.04031809135444987,0.040391852443996526,0.040391852443996526,0.040562220253714976,0.040562220253714976,0.040562220253714976"
4,0.04132154601858756,"0.007514264466465778,0.01785938507875144,0.011416174478477861,0.00954685884422694,0.0009578999901689358,0.8218227320304184,0.009887565622088257,0.0003094931755271186,0.011508697290580329,0.013071451616363836,0.0051747552946966036,0.007857224939828374,0.0014893902544967335,0.009024164037198818,0.0012685021924919982,0.0009269667300319455,0.010421159073698488,0.027851023564669907,0.019957030734307293,0.01213526058551101",0.09300112724304199,"0.016769909869748387,0.016769909869748387,0.016769909869748387,0.016769909869748387,0.018506312828009557,0.01850631282800956,0.019791692546917764,0.019900550764438456,0.021502125862987994,0.02203995289970829,0.02203995289970829,0.022039952899708292,0.022740949131877873,0.02313868340796666,0.026854502591941318,0.027114827983289985,0.027114827983289985,0.0285536685467321,0.0285536685467321,0.028826311434364142,0.028826311434364142,0.028826311434364142,0.028826311434364142,0.02960964796328864,0.02963535933716949,0.030054953051292247,0.03126928298104936,0.03126928298104936,0.03126928298104936,0.03126928298104936,0.03126928298104936,0.032562049375968724,0.032562049375968724,0.032562049375968724,0.032562049375968724,0.032562049375968724,0.03328124714170804,0.03457934283969131,0.03457934283969131,0.03457934283969131,0.03457934283969131,0.035510996754111054,0.035510996754111054,0.035510996754111054,0.035510996754111054,0.035510996754111054,0.035510996754111054,0.035510996754111054,0.035510996754111054,0.035510996754111054,0.035510996754111054,0.035510996754111054,0.03593239998015094,0.03593239998015094,0.03629472911925253,0.03629472911925253,0.03629472911925253,0.03629472911925253,0.03854392528381573,0.038543925283815735,0.038543925283815735,0.038543925283815735,0.038543925283815735,0.03869269058966048,0.03869269058966048,0.03869269058966048,0.03869269058966048,0.03869269058966048,0.03869269058966048,0.03869269058966048,0.03893753234170259,0.03944032030962056,0.03944032030962056,0.03944032030962056,0.039440320309620566,0.039440320309620566,0.039440320309620566,0.039440320309620566,0.03985786375223071,0.03985786375223071,0.03985786375223071,0.03985786375223071,0.04013849485405434,0.040427178139466446,0.0405123771361967,0.040693836155659774,0.040693836155659774,0.040693836155659774,0.040693836155659774,0.040693836155659774,0.04092296442305083,0.04092296442305083,0.04092296442305083,0.04092296442305083,0.04095040608850394,0.04095040608850394,0.04132154601858756,0.04132154601858756,0.04132154601858756,0.04132154601858756"
5,0.04006514576007914,"0.007527667951890886,0.003600430352486804,0.01666300175490745,0.0031087026543467917,0.004220875560852377,0.7812178525868376,0.015770409395587874,0.03688304498458143,0.002782988199201726,0.04765683291621631,0.0013399731782505618,0.006854625976890663,0.004309730907917484,0.003549381609991277,0.009979144251088375,0.013461939266118958,0.020823464486138973,0.006288058484489544,0.005208079226060691,0.008753796256144088",0.09302520751953125,"0.013149637607959832,0.013149637607959832,0.014074597823336438,0.015073051143354374,0.017063714419672887,0.01729483741767529,0.01729483741767529,0.01729483741767529,0.01729483741767529,0.017843136103798136,0.02040269113523816,0.02040269113523816,0.02040269113523816,0.02040269113523816,0.02270664740864422,0.02270664740864422,0.02270664740864422,0.023239353283282613,0.023239353283282613,0.023239353283282613,0.023239353283282613,0.023241739175712203,0.024196850270576296,0.02467214890943297,0.02467214890943297,0.02660524886729426,0.02660524886729426,0.026605248867294262,0.026605248867294262,0.026605248867294262,0.028623803440311162,0.028623803440311162,0.028623803440311162,0.028623803440311162,0.028623803440311162,0.028623803440311162,0.029127332148155338,0.029127332148155338,0.030592647816625497,0.030592647816625497,0.030592647816625497,0.030592647816625497,0.030592647816625497,0.030592647816625497,0.031792821629761644,0.031792821629761644,0.031792821629761644,0.031792821629761644,0.031792821629761644,0.032360576536569034,0.033807247887859576,0.033807247887859576,0.033807247887859576,0.033807247887859576,0.033807247887859576,0.033807247887859576,0.03399281185975725,0.034696967568470315,0.034696967568470315,0.035106529468661905,0.035106529468661905,0.035106529468661905,0.03510652946866191,0.03545178759490228,0.03604504518170999,0.03604504518170999,0.036199712459765054,0.03622150164239007,0.03622150164239007,0.03622150164239007,0.03712669317160094,0.03712669317160094,0.03712669317160094,0.03712669317160094,0.03712669317160094,0.0375643822012347,0.0375643822012347,0.03756438220123471,0.03756438220123471,0.03756438220123471,0.037797703795446086,0.03782870634890868,0.0381300421492296,0.0381300421492296,0.0381300421492296,0.0381300421492296,0.03851761181188784,0.03851761181188784,0.03851761181188784,0.03851761181188784,0.03851761181188784,0.03874806969494993,0.03874806969494993,0.03874806969494993,0.04006514576007914,0.04006514576007914,0.04006514576007914,0.04006514576007914,0.04006514576007914,0.04006514576007914"
6,0.040790894351805974,"0.025746403047858163,0.01796897482368751,0.006196723524798117,0.007192978688829489,0.01022888515325104,0.7904681401702589,0.04539687368765727,0.02737641554398111,0.009770967832031763,0.001113195113437213,0.0032598678855253384,0.005456902500748261,0.003632288701662748,0.001217854448439367,0.017039444552088574,0.003931902525847521,0.0017309621784494108,0.012728269721493126,0.0021454616133189577,0.00739748828663615",0.09325218200683594,"0.014292810182636029,0.01771192250350533,0.01771192250350533,0.01771192250350533,0.01771192250350533,0.018064163786287064,0.018180679877705157,0.021406119653046833,0.021406119653046833,0.021406119653046833,0.022073444159083768,0.022945281343789082,0.022945281343789085,0.024766250140375617,0.024766250140375617,0.024983011726567,0.024983011726567,0.026880990671409224,0.026880990671409224,0.026880990671409224,0.026880990671409224,0.026880990671409224,0.027611084551830627,0.02876894090688043,0.02876894090688043,0.02876894090688043,0.02876894090688044,0.02876894090688044,0.029035721413813297,0.02957608569298222,0.02957608569298222,0.029847464971637927,0.02994982164951432,0.02994982164951432,0.02994982164951432,0.030500550911810028,0.03106038770120913,0.03106038770120913,0.031365985846397326,0.031365985846397326,0.031365985846397326,0.031365985846397326,0.0314185479485609,0.033389908017591084,0.033389908017591084,0.033389908017591084,0.033389908017591084,0.033389908017591084,0.033389908017591084,0.03415802445906354,0.03415802445906354,0.03415802445906355,0.03457073224816073,0.03457073224816073,0.03457073224816073,0.03480387228234014,0.03480387228234014,0.03480387228234014,0.03480387228234014,0.03480387228234014,0.03480387228234014,0.03669667325846995,0.03669667325846995,0.03669667325846995,0.036874566639519185,0.036874566639519185,0.036874566639519185,0.036874566639519185,0.036874566639519185,0.03757789312155472,0.03757789312155472,0.03757789312155472,0.03757789312155472,0.03757789312155472,0.0377664731846005,0.0377664731846005,0.0377664731846005,0.0377664731846005,0.0377664731846005,0.0377664731846005,0.03947629956916565,0.03947629956916565,0.03947629956916565,0.03947629956916565,0.03947629956916565,0.03947629956916565,0.03947629956916565,0.03947629956916565,0.03947629956916565,0.03947629956916565,0.03947629956916565,0.039864577549572816,0.0401096090100862,0.040385157279558166,0.040385157279558166,0.040385157279558166,0.040385157279558166,0.040790894351805974,0.040790894351805974,0.040790894351805974"
7,0.03935932773134633,"0.004692297913802145,0.031660079355184015,0.006424226594707683,0.0017686903195519587,0.001952512112394638,0.7600301868326803,0.008387699381783652,0.0463135780747711,0.011747517147879355,0.01669551328951811,0.002958100101362515,0.003523476515333027,0.006684656487717873,0.0027079236862656304,0.01577143344036148,0.027796620659062132,0.0006498090054433642,0.013599286960549769,0.013846515812602508,0.022789876309028782",0.09450197219848633,"0.016170239316837153,0.016170239316837153,0.016692642047052293,0.017082382284475797,0.017799236500714303,0.017799236500714303,0.019582949713273443,0.019582949713273443,0.021442327382352796,0.021722090066847652,0.022262226376701943,0.022262226376701943,0.022262226376701943,0.022262226376701943,0.02416387729653504,0.025217036961116653,0.025664097720170705,0.025664097720170705,0.026350964286034412,0.026350964286034412,0.026350964286034412,0.026390123790624734,0.026390123790624734,0.026390123790624734,0.028566877363247988,0.028738063337182568,0.028738063337182568,0.02930980598057387,0.02930980598057387,0.02930980598057387,0.02930980598057387,0.02930980598057387,0.029387802236951557,0.029387802236951557,0.029387802236951557,0.029520678666013475,0.029520678666013475,0.03173335201452741,0.03173335201452741,0.0320301740330831,0.0320301740330831,0.0320301740330831,0.03207271087189909,0.03207271087189909,0.03224050908070402,0.03224050908070402,0.03226950808278195,0.03273809819456426,0.03273809819456426,0.033777683560111835,0.033842767740562815,0.033842767740562815,0.03465404577891225,0.03465404577891225,0.03465404577891225,0.03465404577891225,0.03465404577891225,0.035918939294899796,0.035918939294899796,0.035918939294899796,0.035918939294899796,0.035918939294899796,0.03596912883004007,0.03596912883004007,0.03601483838955843,0.03601483838955843,0.03601483838955843,0.03601483838955843,0.03601483838955843,0.03601483838955843,0.03601483838955843,0.03601483838955843,0.03716377971617362,0.03716377971617362,0.03716377971617362,0.03716377971617363,0.03716377971617363,0.03716377971617363,0.03737062559450147,0.03737062559450148,0.03784827037772032,0.03786842402905499,0.03786842402905499,0.03786842402905499,0.03786842402905499,0.03786842402905499,0.0389349949561217,0.0389349949561217,0.0389349949561217,0.0389349949561217,0.0389349949561217,0.03935932773134633,0.03935932773134633,0.03935932773134633,0.03935932773134633,0.03935932773134633,0.03935932773134633,0.03935932773134633,0.03935932773134633,0.03935932773134633"
8,0.042144146440382745,"0.005624272389042893,0.010165812474638942,0.011751007614582289,0.021361232067338465,0.004532623542906481,0.8469861031803374,0.02075465100997098,0.00024204548102197866,0.00908096252257077,0.008003675443078452,0.0024629790890274782,0.01498084696226334,0.004379421214199878,0.0007479010975720326,0.016052077750180443,0.00650577829028415,0.0031472361670102874,0.008399330932314167,0.00019291441859594144,0.0046291283530634905",0.09897613525390625,"0.014563246635501258,0.016519380673937305,0.018356483419244157,0.018356483419244157,0.018356483419244157,0.01908579904713073,0.019496334541617626,0.019496334541617626,0.021212101767731115,0.023893231264351264,0.02429413802810788,0.02429413802810788,0.02429413802810788,0.024987936261159693,0.024987936261159693,0.024987936261159693,0.024987936261159693,0.024987936261159693,0.025964259946867477,0.026226565016888463,0.026743966454447873,0.029104701364818103,0.029104701364818103,0.029104701364818103,0.029977897097714905,0.029977897097714912,0.029977897097714912,0.029977897097714912,0.029977897097714912,0.029977897097714912,0.03018698326754529,0.030893536993431392,0.030893536993431392,0.030893536993431392,0.030899978319124465,0.031443469392076165,0.031588190901776426,0.032293795010799375,0.032293795010799375,0.03369063612672171,0.033690636126721726,0.033690636126721726,0.033690636126721726,0.033690636126721726,0.03375154073725729,0.036194509751710666,0.03619450975171068,0.03619450975171068,0.03619450975171068,0.03619450975171068,0.03619450975171068,0.03619450975171068,0.03619450975171068,0.03619450975171068,0.03673888048728127,0.0367907748630242,0.03730270077050739,0.03748854693965227,0.03748854693965227,0.037623787979658645,0.037623787979658645,0.037623787979658645,0.037623787979658645,0.037623787979658645,0.03880538562475273,0.03880538562475273,0.03880538562475273,0.03908295239014277,0.03908295239014277,0.03908295239014277,0.03908295239014277,0.03908295239014277,0.03908295239014277,0.03908295239014277,0.03908295239014277,0.03908295239014277,0.03956500544099015,0.039565005440990154,0.039565005440990154,0.04032897378322139,0.040456956022562496,0.040456956022562496,0.04108654795169532,0.04108654795169532,0.04108654795169532,0.04108654795169532,0.04108654795169532,0.04108654795169532,0.04108654795169532,0.04112791259605582,0.04112791259605582,0.04112791259605582,0.04112791259605582,0.04112791259605582,0.04112791259605582,0.04112791259605582,0.04112791259605582,0.04149488460883609,0.041494884608836095,0.042144146440382745"
9,0.04200313790784599,"0.004710313044691211,0.0018098364727131722,0.006595598286954678,0.0007184766932715167,0.01475870294219755,0.8397609478673135,0.00042212502226053784,0.028368291780391502,0.012981446426756598,0.0032254026252426854,0.0019351764199675035,0.005411841417714008,0.01704318873590232,0.002355926463039454,0.012310471446273919,0.018074183406546384,0.010461417773980223,0.002710079455949349,0.010928197016596555,0.00541837670223747",0.09475302696228027,"0.015451434468114943,0.015451434468114944,0.015769016571829515,0.015769016571829515,0.019796728266235932,0.019960075955156368,0.019960075955156368,0.019960075955156368,0.019960075955156368,0.020526470098983538,0.021576824883331482,0.021576824883331482,0.021576824883331482,0.024173206562263697,0.024173206562263697,0.024173206562263697,0.02498570896781484,0.02498570896781484,0.024985708967814844,0.024985708967814844,0.025428236971777686,0.025493923721155037,0.025493923721155037,0.026004906323954618,0.026004906323954618,0.026826868266799104,0.029846664958935024,0.029846664958935024,0.029846664958935024,0.029846664958935024,0.029846664958935024,0.029846664958935024,0.029846664958935024,0.030514628642173854,0.030514628642173854,0.030514628642173854,0.030514628642173854,0.03322863039504583,0.03322863039504583,0.03322863039504583,0.03322863039504583,0.03322863039504583,0.03352191263131954,0.03352191263131954,0.03352191263131954,0.03352191263131954,0.03493461670167442,0.03493461670167442,0.03493461670167442,0.03493461670167442,0.03493461670167442,0.03493461670167442,0.03493461670167442,0.035138826082906714,0.03639790463600309,0.03639790463600309,0.03639790463600309,0.03639790463600309,0.03645269988116429,0.036689457712405144,0.03668945771240515,0.038529685287250565,0.038529685287250565,0.03852968528725057,0.03852968528725057,0.03852968528725057,0.03852968528725057,0.03852968528725057,0.03852968528725057,0.03852968528725057,0.03852968528725057,0.03899965926800334,0.03980014595380918,0.03980014595380918,0.03980014595380918,0.03980014595380918,0.03980014595380918,0.03980014595380918,0.03980014595380918,0.03980014595380918,0.040352001346128756,0.040352001346128756,0.040422257533730785,0.04063151070606304,0.04063151070606304,0.04063151070606304,0.04063151070606304,0.04063151070606304,0.04113257839447454,0.04113257839447454,0.04128053192640007,0.04128053192640007,0.04128053192640007,0.04128053192640008,0.04200313790784599,0.04200313790784599,0.04200313790784599,0.04200313790784599,0.04200313790784599,0.04200313790784599"
10,0.04164692685113483,"0.019915799732943523,0.001423453905521618,0.009158391228279742,0.0037733892511449974,0.009464557321445546,0.814949945197376,0.0045926636927480415,0.03740136806672357,0.00370719524127078,0.013813493778954944,0.009079275749135755,0.0027981139349847325,0.015580825585330046,0.007075876205546942,0.0034073771880952504,0.015508937141747947,0.012095429044870633,0.014148481051812671,0.0010099310432646947,0.0010954956388028812",0.09444975852966309,"0.016466201630877902,0.01808692325413254,0.018743126239439654,0.018743126239439654,0.018743126239439654,0.019124532296788926,0.02193591058803157,0.021935910588031578,0.021935910588031578,0.021935910588031578,0.021935910588031578,0.02217346990869505,0.02217346990869506,0.02348361903955481,0.02348361903955481,0.02348361903955481,0.023536368596953187,0.023978003966888158,0.023978003966888158,0.0249196760898528,0.0249196760898528,0.0249196760898528,0.024928161035875144,0.025134303728706887,0.02693987358383699,0.02693987358383699,0.02693987358383699,0.02693987358383699,0.02693987358383699,0.027033075617373004,0.027033075617373004,0.027462734389962155,0.028147959717665778,0.028191273053447,0.028307368811184924,0.028323868898957417,0.02842618671913945,0.028590700574683294,0.029016754436398885,0.029335253719983828,0.029335253719983828,0.03264053580547305,0.032640535805473055,0.032640535805473055,0.032640535805473055,0.032640535805473055,0.032640535805473055,0.03308175320732391,0.03308175320732391,0.03308175320732391,0.03308175320732391,0.03342817088153602,0.03378250033750619,0.0337947757862474,0.0337947757862474,0.03487740196575606,0.03487740196575606,0.03487740196575606,0.03487740196575606,0.034921047669293256,0.034921047669293256,0.03497998082708273,0.035079067623089225,0.035544909396276594,0.03602537150150717,0.03706491893553029,0.03706491893553029,0.03706491893553029,0.03760459978431886,0.037739486683845296,0.037739486683845296,0.038428612053098936,0.038428612053098936,0.038428612053098936,0.03849603960940683,0.03875176893843292,0.038759857526950034,0.038759857526950034,0.038759857526950034,0.038759857526950034,0.039168136679191556,0.03925477800262383,0.03979091442216401,0.040807574106539894,0.040807574106539894,0.040807574106539894,0.040807574106539894,0.040807574106539894,0.04107776063766161,0.04107776063766161,0.04107776063766161,0.04107776063766161,0.04107776063766161,0.04107776063766161,0.04107776063766161,0.04107776063766161,0.04107776063766161,0.04128783047981838,0.041287830479818384,0.04164692685113483"
11,0.04072428828234321,"0.0026404226881670385,0.013740051518933065,0.021326989441940388,0.0042376607959662355,0.003611675228887388,0.8012854878916852,0.021972612327900924,0.01964050938533435,0.005469646346550225,0.007355536785095995,0.007547969954303802,0.0013561923931419751,0.010624404945058324,0.004084475247265619,0.0010882677362619199,0.0113351903136999,0.03005320290343143,0.008335445199149296,0.020124444621712992,0.004169814275514021",0.09786701202392578,"0.013889278794849233,0.014319950493621985,0.0162178223458602,0.0162178223458602,0.0162178223458602,0.0162178223458602,0.0162178223458602,0.017726268031781414,0.01790967067468486,0.020315340514185383,0.020315340514185383,0.020315340514185383,0.02084252721111722,0.020842527211117227,0.021887626322867063,0.022325922070607098,0.023043396441320054,0.023043396441320054,0.02515979504770327,0.02515979504770327,0.027199248448542046,0.027199248448542046,0.027199248448542046,0.028025478352939157,0.028025478352939157,0.028025478352939157,0.028287403212589275,0.028287403212589275,0.028308249146065497,0.03106483424461458,0.03106483424461458,0.03106483424461458,0.03106483424461458,0.031064834244614585,0.031064834244614585,0.031064834244614585,0.031215798125345348,0.031215798125345348,0.03198052523512709,0.03200623242672069,0.03200623242672069,0.03200623242672069,0.03200623242672069,0.03215998205857042,0.03215998205857042,0.032658053741533875,0.032658053741533875,0.032658053741533875,0.03265805374153388,0.03298831825571167,0.03298831825571167,0.03337514417281953,0.03337514417281953,0.03378465719659285,0.03378465719659285,0.03378465719659285,0.03378465719659285,0.03434078495846592,0.034340784958465924,0.03624877994670829,0.03624877994670829,0.03624877994670829,0.03624877994670829,0.03672829040885219,0.03752010509078293,0.03752010509078293,0.037663837932435336,0.03773293288508849,0.03773293288508849,0.03773293288508849,0.03773293288508849,0.03773293288508849,0.03773293288508849,0.03823274090385122,0.03823274090385122,0.03823274090385122,0.03823274090385122,0.03831911657233904,0.03831911657233904,0.03831911657233904,0.03906002215369668,0.03906002215369668,0.03906002215369668,0.03906002215369668,0.03940618681441008,0.03952765452736153,0.03952765452736153,0.03952765452736153,0.03952765452736153,0.03952765452736153,0.03990746223104138,0.040217482114063965,0.040217482114063965,0.040217482114063965,0.040217482114063965,0.04022261753978921,0.04022261753978921,0.040394632268548517,0.04072428828234321,0.04072428828234321"
12,0.04283321551599879,"0.0037696422151024004,0.017300364160688343,0.013399607034939455,0.0021059676608846064,0.0052323777602718965,0.862701687424132,0.00822785644717974,0.0034132252195528032,0.02217086419240491,0.0012387269090061938,0.015116374718293357,0.003476334121234975,0.011760168279370042,0.008714397664764924,0.00889776847547317,0.0004188812038313655,0.001012531328972767,0.006175270171762945,0.003305250258453979,0.0015627047536802487",0.09681415557861328,"0.013522089643280914,0.01521903193376356,0.01521903193376356,0.021133112157421932,0.021133112157421932,0.02186619865676206,0.02186619865676206,0.02228758787656433,0.023089035350076663,0.023864671023443668,0.02476072312582337,0.02476072312582337,0.02476072312582337,0.02476072312582337,0.02476072312582337,0.025704268334307237,0.026446361773132903,0.026446361773132903,0.026446361773132903,0.026446361773132903,0.026446361773132903,0.027389301262662,0.030554072851168065,0.030554072851168065,0.030554072851168065,0.0306208476317633,0.0306208476317633,0.03226194398890251,0.03226194398890251,0.03226194398890251,0.03226194398890251,0.03226194398890251,0.03226194398890251,0.03226194398890251,0.03226194398890251,0.03319169025187303,0.03382626530326945,0.03399299748346062,0.03399299748346062,0.03399299748346062,0.03399299748346062,0.03399299748346062,0.034032622232941734,0.034032622232941734,0.034032622232941734,0.03410086620836135,0.0358864363992828,0.0358864363992828,0.036172212268386045,0.036172212268386045,0.03713557283008286,0.03713557283008286,0.03713557283008286,0.03713557283008286,0.03713557283008286,0.03713557283008286,0.03713557283008286,0.03713557283008286,0.03713557283008286,0.037402688898204244,0.037402688898204244,0.037402688898204244,0.037731803982359244,0.03784174626140375,0.03784174626140375,0.039747464575907075,0.039747464575907075,0.039747464575907075,0.039747464575907075,0.039747464575907075,0.039747464575907075,0.03974746457590708,0.03974746457590708,0.03974746457590708,0.03974746457590708,0.03974746457590708,0.04010798777095912,0.04010798777095912,0.04056759082420494,0.04056759082420494,0.04056759082420494,0.04056759082420494,0.04056759082420494,0.04107512135134025,0.04107512135134025,0.04107512135134025,0.04107512135134025,0.04107512135134025,0.041181540057828134,0.04156541379028091,0.04156541379028091,0.04156541379028091,0.04156541379028091,0.04214869497104531,0.04214869497104531,0.04229182123952636,0.042291821239526364,0.04283321551599879,0.04283321551599879,0.04283321551599879"
13,0.04168599168373443,"0.03684221244923605,0.010552026393748488,0.0029133073489550068,0.025393734263035612,0.002003086122907203,0.8052899594157079,0.007772243114441419,0.03818898518096831,0.004438898378590902,0.009314691339944258,0.007584906483030452,0.00534610457874123,0.007451567597586761,0.00045977815268683625,0.004118985018009409,0.011581766445369039,0.0033145036067619227,0.004009253468132369,0.0028372591856445106,0.010586731456502468",0.09474325180053711,"0.013315539776858898,0.015032948810124258,0.015107143424513286,0.01595678764554939,0.019539858905554146,0.019695994717007857,0.019695994717007857,0.020846779127770502,0.020846779127770502,0.021108021388428214,0.021108021388428218,0.021108021388428218,0.021108021388428218,0.02139966271869926,0.02320486024817572,0.02320486024817572,0.02369061011022364,0.025654614948904152,0.025654614948904152,0.025654614948904152,0.025759378402957604,0.025759378402957604,0.025759378402957604,0.026491312992160034,0.026746273261138005,0.028669261164241996,0.030623458914349568,0.030623458914349574,0.030623458914349574,0.030623458914349574,0.030623458914349574,0.030623458914349574,0.031199947460113356,0.031199947460113363,0.031199947460113363,0.031663059970828356,0.03180898112286789,0.03180898112286789,0.03180898112286789,0.03202354978765018,0.03323675216443012,0.03323675216443012,0.03323675216443012,0.03462345355188745,0.034623453551887465,0.034623453551887465,0.034623453551887465,0.034623453551887465,0.034623453551887465,0.034623453551887465,0.034623453551887465,0.03506237064647603,0.03506237064647603,0.035645402831955976,0.03605195807170753,0.03605195807170753,0.036175230886996396,0.036175230886996396,0.03620146918474361,0.03766601140953567,0.03766601140953567,0.03766601140953567,0.03766601140953567,0.03766601140953567,0.03766601140953567,0.03766601140953567,0.03766601140953567,0.037880641403699795,0.037880641403699795,0.037880641403699795,0.039629664399473456,0.039629664399473456,0.04048452853884628,0.04048452853884628,0.04048452853884628,0.04048452853884628,0.04048452853884628,0.04048452853884628,0.04048452853884628,0.04048452853884628,0.04048452853884628,0.04048452853884628,0.04048452853884628,0.0408012936371061,0.0408012936371061,0.0408012936371061,0.0408012936371061,0.041206184374508785,0.041206184374508785,0.041206184374508785,0.041206184374508785,0.04121107366887308,0.04121107366887308,0.04121107366887308,0.04136660572973777,0.041595424304162625,0.041595424304162625,0.041595424304162625,0.041685991683734415,0.04168599168373443"
14,0.04433964075309945,"0.0034928208179554688,0.00014743822564907175,0.020696611787304055,0.001505168544696789,0.005555147666626032,0.8947783387896758,0.010577081762885868,0.007019573804991855,0.0073069683888552514,0.0012144071685556426,0.0014532009758799328,0.004508064342245177,0.01386677489607263,0.0025488431660767863,0.0015991930437613006,0.0013354602568200298,0.008113316562363772,0.0067154717069956215,0.00204189698571247,0.005524221106876557",0.0943748950958252,"0.012024441897021319,0.016813118822896045,0.016813118822896045,0.016813118822896045,0.016813118822896045,0.017417680968351525,0.023182064752205786,0.023182064752205786,0.023344638130778052,0.02362555030157804,0.02362555030157804,0.02434165786207387,0.02689376191369008,0.02689376191369008,0.02719736569727166,0.02719736569727166,0.027259782623191533,0.02726630855284109,0.028924968442014018,0.028924968442014018,0.028924968442014018,0.029682353575263914,0.030703031072213186,0.03231764412274488,0.03231764412274488,0.03231764412274488,0.03231764412274488,0.03231764412274488,0.03231764412274488,0.033381412829762556,0.033381412829762556,0.0334448223446916,0.0334448223446916,0.03352098977757502,0.03352098977757502,0.033750521255223015,0.033795413070461154,0.033795413070461154,0.034320886188941344,0.03475056491527289,0.03475056491527289,0.03513547585319324,0.035170711495203504,0.03525134093541389,0.03525134093541389,0.03575522787176143,0.03775840279339017,0.03775840279339017,0.03775840279339017,0.03775840279339017,0.03775840279339017,0.037758402793390176,0.03872887751457838,0.03872887751457838,0.03872887751457838,0.03872887751457839,0.03872887751457839,0.03872887751457839,0.03872887751457839,0.03872887751457839,0.03872887751457839,0.03872887751457839,0.03872887751457839,0.04005743053816877,0.04005743053816877,0.04047395107665542,0.040747874484753435,0.040747874484753435,0.040747874484753435,0.040747874484753435,0.040747874484753435,0.04112612481204974,0.04112612481204974,0.04112612481204974,0.0412860108482162,0.0412860108482162,0.0412860108482162,0.0412860108482162,0.04162853215224543,0.04162853215224543,0.04195037929175864,0.04195037929175864,0.04195037929175864,0.0420847288611707,0.043141295529016445,0.043141295529016445,0.043141295529016445,0.043141295529016445,0.043141295529016445,0.043141295529016445,0.043141295529016445,0.043141295529016445,0.043141295529016445,0.043141295529016445,0.043141295529016445,0.043141295529016445,0.043141295529016445,0.04417482435720851,0.04433964075309945,0.04433964075309945"
15,0.0426888286552773,"0.02027354495942372,0.004465853912418534,0.00254681208141937,0.007507391248204092,0.024002834090432336,0.853427831263431,0.015874228115959118,0.001739621760079376,0.002360704372167174,0.00382515329635862,0.0018822491850408046,0.0032199699939070765,0.00529093456226271,0.0007314556275726042,0.005896331231475108,0.01663213612651143,0.00023673084343787132,0.01689439987980391,0.001435163630630715,0.011756653819464651",0.09428596496582031,"0.014314991580400888,0.014314991580400888,0.015719921548187826,0.015719921548187826,0.016318646638825478,0.016318646638825478,0.01824528103456216,0.01824528103456216,0.02088169716706517,0.02088169716706517,0.02088169716706517,0.021024423897896074,0.021024423897896074,0.023171917926764683,0.023171917926764683,0.023171917926764683,0.023246318726809018,0.024997624873159322,0.024997624873159322,0.024997624873159322,0.024997624873159322,0.024997624873159322,0.027128652535915735,0.027128652535915735,0.027128652535915735,0.027128652535915735,0.027183230959844762,0.030721600608306757,0.030721600608306757,0.030721600608306757,0.030721600608306757,0.030721600608306757,0.030721600608306757,0.030721600608306757,0.030816688649273494,0.030816688649273494,0.030816688649273494,0.030816688649273494,0.030816688649273494,0.030816688649273494,0.03427138409557971,0.03427138409557971,0.03427138409557971,0.03427138409557971,0.03427138409557971,0.03427138409557971,0.03427138409557971,0.03427138409557971,0.03427138409557971,0.034630696696900186,0.0353265553235413,0.0353265553235413,0.0353265553235413,0.0353265553235413,0.03532655532354131,0.03532655532354131,0.03541275773709377,0.03590515552967409,0.0359051555296741,0.0359051555296741,0.0359051555296741,0.0359051555296741,0.0359051555296741,0.0359051555296741,0.03830964009821556,0.03830964009821556,0.038675926946210935,0.038675926946210935,0.038675926946210935,0.038675926946210935,0.038675926946210935,0.038675926946210935,0.038675926946210935,0.03971213764712552,0.039712137647125535,0.039828255244730985,0.039828255244730985,0.039828255244730985,0.039828255244730985,0.039828255244730985,0.04085965749706226,0.04085965749706226,0.04171187939435196,0.04171187939435196,0.04171187939435196,0.04171187939435196,0.04171187939435196,0.041887642662597147,0.04188764266259715,0.041935543817204254,0.041935543817204254,0.041935543817204254,0.0426888286552773,0.0426888286552773,0.0426888286552773,0.0426888286552773,0.0426888286552773,0.0426888286552773,0.0426888286552773,0.0426888286552773"
16,0.04176123907606864,"0.01468596715574394,0.006089786337860203,0.05062490270653652,0.0074146239914625635,0.0015332335733127503,0.8272224555017814,0.0009205200637763967,0.005439471195949219,0.010570204778776262,0.005836562959988822,0.005231828295609812,0.00045069278880380525,0.009446855647722683,0.016281578814240943,0.0028678956021522396,0.007780176533119655,0.012619970859295516,0.0076225654915782525,0.001555319655517367,0.005805388046771505",0.0935659408569336,"0.012849866482511777,0.014755324090879023,0.015322659005117041,0.015322659005117041,0.015322659005117041,0.015322659005117041,0.019290131633802467,0.019290131633802467,0.019290131633802467,0.020962643459149225,0.023269735934305397,0.02373862111101875,0.02373862111101875,0.023739223229725652,0.024701871443179476,0.024701871443179476,0.03033533674346918,0.03033533674346918,0.03033533674346918,0.030654554583938686,0.030654554583938686,0.030654554583938686,0.030654554583938686,0.031200078422453825,0.03124097337520798,0.032348441326954275,0.032348441326954275,0.0324512598565173,0.03245705381013004,0.03343839722692626,0.03465252294510844,0.03465252294510844,0.03465252294510844,0.03465252294510844,0.03465252294510844,0.034792260731819964,0.034792260731819964,0.034792260731819964,0.034792260731819964,0.034792260731819964,0.034895466530216274,0.034895466530216274,0.03591422713501436,0.03591422713501436,0.03591422713501436,0.03591422713501436,0.03591422713501436,0.03691229749392781,0.03691229749392781,0.03691229749392781,0.037021160237637206,0.037021160237637206,0.03712705306522401,0.03712705306522401,0.037133934683468185,0.037133934683468185,0.039367216592818645,0.03945837475929423,0.03945837475929423,0.03945837475929423,0.03945837475929423,0.03945837475929423,0.03945837475929423,0.03945837475929423,0.039779153317289095,0.039779153317289095,0.039860766903278506,0.040150355474215214,0.040150355474215214,0.04027462680139146,0.04027462680139146,0.04027462680139146,0.040291354729202235,0.040291354729202235,0.04063316577685867,0.040633165776858673,0.040633165776858673,0.040633165776858673,0.041003883133992454,0.041003883133992454,0.041003883133992454,0.041003883133992454,0.041003883133992454,0.041003883133992454,0.0411645034903811,0.0411645034903811,0.0411645034903811,0.0411645034903811,0.0411645034903811,0.0411645034903811,0.0411645034903811,0.0411645034903811,0.0411645034903811,0.0411645034903811,0.04153071059128734,0.04153071059128734,0.04153071059128734,0.04153071059128734,0.04153071059128734,0.04176123907606864"
17,0.04186200804032719,"0.020429969196825208,0.02965619056063152,0.00031247749141815706,0.009630258102847967,0.0006285248641265474,0.8210868383498333,0.0009964347519483335,0.020131652251658468,0.001151738010911344,0.011975039147933325,0.0013189985400707815,0.02666851616576099,0.0006125596152887966,0.0002988254626956554,0.0005690141351531778,0.006562169205724826,0.0012703838317601104,0.020662944259977837,0.001998433460441852,0.02403903259499177",0.0930640697479248,"0.015927315739931624,0.015927315739931624,0.01648491746792176,0.01864703163453726,0.02038334239097363,0.02038334239097363,0.02038334239097363,0.02038334239097363,0.02038334239097363,0.023980110698177202,0.023980110698177202,0.023980110698177202,0.023980110698177202,0.023980110698177202,0.023980110698177202,0.023980110698177202,0.023980110698177202,0.02649994354484208,0.02649994354484208,0.02695319029333141,0.02695319029333141,0.027171503441299222,0.027171503441299222,0.02730227626831722,0.02805251331697763,0.02823107237388207,0.02823107237388207,0.028951759359605964,0.029411394622432648,0.029411394622432648,0.029411394622432648,0.030682696098171865,0.030682696098171865,0.03147524403111188,0.03147524403111188,0.03165915004890872,0.03165915004890872,0.03165915004890872,0.03165915004890872,0.03358608209054577,0.03358608209054577,0.03358608209054577,0.03358608209054577,0.03500309361531655,0.03587562333121111,0.0360375583952883,0.036389136391426685,0.036389136391426685,0.03638913639142669,0.03638913639142669,0.03638913639142669,0.03638913639142669,0.03789418308049994,0.03789418308049994,0.03789418308049994,0.03789418308049994,0.03789418308049994,0.03789418308049994,0.03789418308049994,0.03789418308049994,0.03789418308049994,0.039011198879473435,0.03935955008291064,0.03935955008291064,0.03935955008291064,0.03935955008291064,0.03935955008291064,0.03935955008291064,0.03935955008291064,0.03993005663998415,0.03993005663998415,0.03993005663998415,0.03993005663998415,0.03993005663998415,0.039964640612703974,0.040018485084863,0.040018485084863,0.040520922059809984,0.040520922059809984,0.040520922059809984,0.04090106677100035,0.04090106677100035,0.04113120087736371,0.041167840290387434,0.041167840290387434,0.041167840290387434,0.04116784029038745,0.04127396065820162,0.04135731235415558,0.04135731235415558,0.04135731235415558,0.04135731235415558,0.041648359833002004,0.041648359833002004,0.041648359833002004,0.041648359833002004,0.04186200804032719,0.04186200804032719,0.04186200804032719,0.04186200804032719"
18,0.04208276720958453,"0.02961963507497787,0.0130916791272274,0.02107602027211311,0.0002825809551969785,0.004593474161944,0.8204691992350838,0.005283113828067851,0.032169053404012445,0.006484626518036001,0.0017305698634067104,0.0104782282457103,0.01352338553913469,0.001198254503723782,0.00031562583571506143,0.004153119181028845,0.008140253551693476,0.006235203743512575,0.006572902884215955,0.013724651852285347,0.0008584222229137592",0.09342813491821289,"0.015180666404509371,0.017797419515153047,0.017797419515153047,0.018878473625455396,0.018878473625455396,0.018878473625455396,0.02112292677146002,0.02112292677146002,0.02303694469937243,0.023458390155767662,0.023458390155767662,0.023458390155767662,0.023458390155767662,0.02383608440690946,0.026912784154723507,0.026912784154723507,0.02726023102592971,0.02726023102592971,0.02726023102592971,0.02726023102592971,0.02726023102592971,0.02726023102592971,0.027572972374877734,0.02908733809043001,0.02908733809043001,0.029322498177121036,0.029322498177121036,0.029322498177121036,0.029322498177121036,0.029322498177121036,0.031018113902601296,0.03131393506474048,0.03131393506474048,0.03243151831203498,0.03243151831203498,0.03303113273449863,0.03303113273449863,0.03303113273449863,0.03303113273449863,0.03303113273449863,0.03303113273449863,0.03401272253693744,0.03401272253693744,0.03401272253693744,0.03401272253693744,0.03434338706057114,0.03434338706057114,0.03434338706057114,0.03475542559108751,0.03475542559108751,0.0355981347717161,0.0355981347717161,0.0355981347717161,0.0355981347717161,0.0355981347717161,0.03662554264899859,0.03662554264899859,0.03662554264899859,0.03662554264899859,0.03662554264899859,0.03662554264899859,0.037182213576019946,0.037182213576019946,0.037182213576019946,0.03742317826345738,0.03742317826345738,0.03765437966244264,0.03765437966244264,0.03765437966244264,0.03765437966244264,0.03854059646101543,0.03854059646101543,0.03854059646101543,0.03854059646101543,0.03854059646101543,0.038540596461015444,0.038540596461015444,0.038540596461015444,0.03873647115159888,0.03934790512525414,0.03934790512525414,0.03934790512525414,0.03999842514516455,0.04164851981733559,0.04164851981733559,0.04164851981733559,0.04164851981733559,0.04164851981733559,0.04164851981733559,0.04164851981733559,0.04164851981733559,0.04164851981733559,0.04164851981733559,0.04208276720958453,0.04208276720958453,0.04208276720958453,0.04208276720958453,0.04208276720958453,0.04208276720958453,0.04208276720958453"
19,0.04159984191171855,"0.012113920672270215,0.013629611274558381,0.016902048726211674,0.019405087805291696,0.0006417600754336172,0.8221415606102086,0.02896668454286479,0.00817153544445669,0.005549339190537168,0.006335772365149968,0.002685749618738154,0.013184158709898443,0.004396524674209422,0.0030129097670848135,0.0054967729700769186,0.0003848587825995531,0.012586284636711666,0.0124627333753038,0.007944370353955246,0.003988316404439239",0.09477114677429199,"0.015244961895688003,0.01814432931440409,0.01931692768368165,0.019316927683681658,0.019671905604444852,0.020521931439217676,0.021000541841084786,0.021327978363813744,0.021735459563457984,0.021735459563457984,0.023192332010784383,0.023192332010784383,0.023192332010784383,0.025562449961396616,0.025562449961396616,0.025562449961396626,0.025562449961396626,0.025702580766348886,0.027193786267026804,0.027193786267026804,0.027193786267026804,0.02733255991354908,0.02733255991354908,0.02738562393133471,0.02738562393133471,0.02738562393133471,0.0290634174601083,0.029883751347237652,0.029883751347237652,0.029883751347237652,0.029883751347237652,0.031212952657313935,0.031212952657313935,0.031212952657313935,0.031212952657313935,0.03164552224724717,0.03164552224724717,0.032000084948681985,0.032000084948681985,0.03233018247445134,0.03233018247445134,0.03233018247445134,0.03233018247445134,0.03233018247445134,0.03233018247445134,0.03233018247445134,0.03233018247445134,0.03396987372363054,0.03396987372363054,0.03396987372363054,0.03432025510714769,0.03432025510714769,0.0348461544108851,0.03509839072141357,0.03562007254980161,0.035991535437025934,0.036477142360704116,0.036477142360704116,0.036477142360704116,0.03798808955001119,0.03798808955001119,0.03798808955001119,0.03798808955001119,0.03798808955001119,0.03798808955001119,0.03798808955001119,0.03798808955001119,0.03798808955001119,0.039148255286680006,0.039148255286680006,0.039148255286680006,0.039148255286680006,0.039148255286680006,0.039148255286680006,0.039818826486537645,0.039818826486537645,0.039818826486537645,0.039818826486537645,0.039818826486537645,0.039818826486537645,0.039818826486537645,0.039818826486537645,0.040145516485624054,0.040145516485624054,0.040145516485624054,0.040145516485624054,0.040145516485624054,0.040145516485624054,0.040145516485624054,0.040145516485624054,0.04080443127339323,0.04080443127339323,0.041348849567861806,0.041348849567861806,0.041348849567861806,0.041348849567861806,0.04135388017543211,0.04135388017543211,0.04135388017543211,0.04159984191171855"
20,0.04265635235100212,"0.03247613568909245,0.00800153267764831,0.020605991365129663,0.002921459433328567,0.001947420677519119,0.84307518080893,0.011134484925549682,0.012738364756715194,0.0013153427494299896,0.015833691653656154,0.007908343258480126,0.004453515166560034,0.013282149138630413,0.002824161099668962,0.009803033940712472,0.0036796840511591953,0.0012302908662391112,0.001292442221333361,0.0018383695344276762,0.0036384059857895654",0.09407401084899902,"0.015828080010291807,0.015828080010291807,0.015828080010291807,0.015828080010291807,0.017299514734071035,0.017299514734071035,0.017981484849638366,0.017981484849638366,0.019150934297072632,0.019150934297072632,0.021320197564075653,0.021573857126174933,0.02363915918240927,0.02363915918240927,0.02363915918240927,0.023845855535791823,0.023845855535791823,0.023845855535791823,0.024047095486141375,0.024547010787085613,0.026027594898157248,0.029147369593744275,0.029255645993485856,0.029255645993485856,0.029255645993485856,0.029255645993485856,0.03037362375199067,0.03037362375199067,0.03037362375199067,0.03037362375199067,0.03115228073875603,0.03115228073875603,0.03409943185994732,0.03409943185994732,0.03409943185994732,0.03409943185994732,0.03409943185994732,0.03409943185994732,0.03409943185994732,0.03409943185994732,0.03491644366970925,0.03491644366970925,0.03491644366970925,0.03566612608018272,0.03566612608018272,0.03566612608018272,0.03566612608018272,0.03654726563170415,0.03654726563170415,0.03654726563170415,0.03654726563170415,0.03654726563170415,0.03701339596999515,0.03701339596999515,0.038567403611012574,0.038567403611012574,0.038567403611012574,0.038567403611012574,0.038567403611012574,0.038567403611012574,0.038567403611012574,0.038567403611012574,0.038644359753339366,0.038644359753339366,0.038644359753339366,0.038644359753339366,0.038644359753339366,0.038644359753339366,0.038644359753339366,0.039331520274338866,0.039331520274338866,0.039331520274338866,0.039331520274338866,0.04033648760620833,0.04033648760620833,0.04033648760620833,0.04079855086980487,0.04079855086980487,0.04079855086980487,0.04079855086980487,0.04079855086980487,0.04079855086980487,0.04079855086980487,0.04126301985208245,0.0415951602454467,0.0415951602454467,0.0415951602454467,0.04159516024544671,0.04159516024544671,0.04159516024544672,0.04159516024544672,0.04159516024544672,0.04190724241878555,0.04190724241878555,0.04190724241878555,0.04190724241878555,0.042127054787514794,0.04265635235100212,0.04265635235100212,0.04265635235100212"
21,0.04211210682200723,"0.02013111917300539,0.023404813672221334,0.006929839507395563,0.020744470434099674,0.01529397762004303,0.8292195584091056,0.0012663498149986655,0.012011208373177117,0.008631510165488078,0.00852838636105368,0.009243651410848439,0.0029923255485850443,0.007022153542798583,0.001965558217473139,0.0006448323332968014,0.0005981432482722565,0.004425197792353136,0.01718168841199058,8.078798212444908e-05,0.009684427981669233",0.09330511093139648,"0.01585355817818014,0.016783178621629452,0.016783178621629452,0.016783178621629452,0.016783178621629452,0.01733858016316764,0.02096359571237766,0.02096359571237766,0.02096359571237766,0.02096359571237766,0.02096359571237766,0.02096359571237766,0.021738677101671943,0.02655041165556451,0.02655041165556451,0.02655041165556451,0.02655041165556451,0.02655041165556451,0.02655041165556451,0.02655041165556451,0.030788467539669673,0.030788467539669673,0.030788467539669673,0.030788467539669673,0.030788467539669673,0.03078846753966968,0.03078846753966968,0.03078846753966968,0.03078846753966968,0.03078846753966968,0.03078846753966968,0.03118415707224595,0.03196282197534114,0.03196282197534114,0.03196282197534114,0.03196282197534114,0.03196282197534114,0.03196282197534114,0.0339300736584389,0.033930073658438906,0.033930073658438906,0.035207523472082815,0.035207523472082815,0.03553244850250216,0.03553244850250216,0.03553244850250216,0.03576371582518183,0.03576371582518183,0.03576371582518183,0.03591590110321708,0.037037532352586076,0.037037532352586076,0.03792593377531554,0.03792593377531554,0.03792593377531554,0.03792593377531554,0.03792593377531554,0.03792593377531554,0.03792593377531554,0.03792593377531555,0.03792593377531555,0.03792593377531555,0.03815218440852146,0.03888277851515281,0.03888277851515281,0.03888277851515281,0.03888277851515281,0.03888277851515281,0.039479795324378814,0.039479795324378814,0.039479795324378814,0.039479795324378814,0.039479795324378814,0.039479795324378814,0.039479795324378814,0.03988578479500656,0.03988578479500656,0.041113778730001244,0.041113778730001244,0.04111377873000125,0.04111377873000125,0.04111377873000125,0.04111377873000125,0.04111377873000125,0.04111377873000125,0.04111377873000125,0.04111377873000125,0.04111377873000125,0.04111377873000125,0.04211210682200723,0.04211210682200723,0.04211210682200723,0.04211210682200723,0.04211210682200723,0.04211210682200723,0.04211210682200723,0.04211210682200723,0.04211210682200723,0.04211210682200723,0.04211210682200723"
22,0.042255652750631006,"0.01370709689825823,0.005522459584603971,0.005367541631862747,0.01342468786943965,0.0040864307769451855,0.8461495128211596,0.0037662573414133,0.008590005393143117,0.001668231427790743,0.02327842396688577,0.01252483726826672,0.005629918616044617,0.007438550049691672,0.005281407684088835,0.009657517443404737,0.00868004033170734,0.008358950086275454,0.0055825293237580596,0.0016493466131215608,0.009636254872138728",0.09194278717041016,"0.016209884598741977,0.016209884598741977,0.018614763792064965,0.018614763792064965,0.0186198623442272,0.018625208562106307,0.020725776924545282,0.020725776924545282,0.021524930481093985,0.02451733791487731,0.02451733791487731,0.02451733791487731,0.02451733791487731,0.02451733791487731,0.02451733791487731,0.024575666754411484,0.025093574845198263,0.025357443485005217,0.0289245777387157,0.0289245777387157,0.0289245777387157,0.0289245777387157,0.0289245777387157,0.0289245777387157,0.0289245777387157,0.0289245777387157,0.029407513864750018,0.029407513864750018,0.030493245349153066,0.030493245349153066,0.030493245349153066,0.03204506297950579,0.03204506297950579,0.03204506297950579,0.032643969340169866,0.032643969340169866,0.032643969340169866,0.03274143216207823,0.03274143216207823,0.03274143216207823,0.03274143216207823,0.032824241775557705,0.03331612049052329,0.033665458293781814,0.033665458293781814,0.033665458293781814,0.033665458293781814,0.034814655318528884,0.034814655318528884,0.034814655318528884,0.034814655318528884,0.034814655318528884,0.03633969768173732,0.03633969768173732,0.03633969768173732,0.03633969768173732,0.03633969768173732,0.03633969768173732,0.0369526448104222,0.0369526448104222,0.0369526448104222,0.0369526448104222,0.03695264481042221,0.03695264481042221,0.03835901588740512,0.03835901588740512,0.03835901588740512,0.03835901588740512,0.03835901588740512,0.03835901588740512,0.03835901588740512,0.038758171696295786,0.038758171696295786,0.03885111033933064,0.03885111033933064,0.03885111033933064,0.039055853083018094,0.039055853083018094,0.039106906942112614,0.039119496153205674,0.04062383570764371,0.04062383570764371,0.04062383570764371,0.041530937204258864,0.041530937204258864,0.041530937204258864,0.041530937204258864,0.041530937204258864,0.041530937204258864,0.041530937204258864,0.041530937204258864,0.041530937204258864,0.041530937204258864,0.04170822392787367,0.04170822392787367,0.04170822392787367,0.04170822392787367,0.04170822392787367,0.04170822392787367,0.042255652750631006"
23,0.04214747586573418,"0.006659384989664289,0.038193441052094476,0.0014682747119986318,0.007627755446672988,0.004563637905839821,0.8389411812074793,0.004961574972448128,0.005154018549207891,0.004855367594988721,0.01091285009618187,0.013213695385422107,0.014985645279679943,0.00036729301177053874,0.006394486520465299,0.0026756515004596046,0.0011376883197493075,0.019964557471881403,0.0013733642681570772,0.01215201747336413,0.004398114242474564",0.09160709381103516,"0.01787225501415314,0.01787225501415314,0.01787225501415314,0.018609329768643643,0.018609329768643643,0.019377883790687923,0.019377883790687923,0.020675058285040716,0.0208982011591641,0.0208982011591641,0.022790156693192648,0.022790156693192648,0.022790156693192648,0.025721639185400283,0.025721639185400283,0.025721639185400283,0.025721639185400283,0.027113419182959255,0.027113419182959255,0.027113419182959255,0.027113419182959255,0.027113419182959255,0.028749936449121754,0.028749936449121754,0.028749936449121754,0.028749936449121754,0.029052478807427277,0.030630961288039882,0.030630961288039882,0.030630961288039882,0.032908193503832284,0.032908193503832284,0.032908193503832284,0.032908193503832284,0.032908193503832284,0.032908193503832284,0.03290819350383229,0.03290819350383229,0.03433446531729913,0.034611442894342107,0.034611442894342107,0.034611442894342107,0.034611442894342107,0.034611442894342107,0.034611442894342107,0.034611442894342107,0.03654070535631403,0.03654070535631403,0.03654070535631403,0.03654070535631403,0.03654070535631403,0.036540705356314034,0.036540705356314034,0.036540705356314034,0.037797633119114826,0.037797633119114826,0.037797633119114826,0.037797633119114826,0.03831746066965068,0.03831746066965068,0.03831746066965068,0.03831746066965068,0.03831746066965068,0.03831746066965068,0.03831746066965068,0.03831746066965068,0.03831746066965068,0.03870403928352661,0.03870403928352661,0.038791682546057624,0.03906079160539958,0.04019508591509346,0.04019508591509346,0.04019508591509346,0.04019508591509346,0.04019508591509346,0.04031677203496172,0.04046890254496831,0.04046890254496831,0.04046890254496831,0.04046890254496831,0.04060658349570059,0.04072014661570157,0.040724289430743965,0.04081786703221969,0.04081786703221969,0.04081786703221969,0.04081786703221969,0.04081786703221969,0.04148590124093049,0.04148590124093049,0.04148590124093049,0.04148590124093049,0.04148590124093049,0.04148590124093049,0.04148590124093049,0.04148590124093049,0.041709783248454965,0.041709783248454965,0.04214747586573418"
24,0.04249169751115394,"0.007947804602513323,0.004430404690540185,0.015854723774758977,0.020591364876258598,0.004312264604403438,0.8533097158826626,0.007514379367034501,0.0018982914781938882,0.015825344732986822,0.019090044343639714,0.001473646431886791,0.019505457567866497,0.005986322022700147,0.003514626124404536,0.00042897326453623507,0.0031566610155145977,0.006532733027256888,0.004325170969467821,0.0011645999138656235,0.0031374713095090774",0.0917656421661377,"0.013638423365186452,0.014695132074861783,0.014695132074861783,0.017076859888462782,0.017076859888462782,0.01958183506246268,0.019581835062462687,0.019581835062462687,0.021927849394255353,0.021927849394255353,0.021927849394255353,0.02321140681826069,0.02321140681826069,0.023452658181901526,0.02428299896456075,0.026833295645051262,0.026833295645051262,0.026833295645051262,0.026833295645051262,0.027080514847369223,0.027080514847369223,0.027080514847369223,0.028542505444483376,0.028542505444483376,0.028542505444483376,0.028542505444483376,0.028865201769048356,0.028865201769048356,0.02935536520010493,0.02935536520010493,0.03023867789105768,0.030606492314917185,0.03259183180896902,0.03259183180896902,0.03259183180896902,0.032631990362429655,0.0330515803644237,0.03323884407068641,0.03323884407068641,0.03323884407068641,0.03578486001196772,0.03578486001196772,0.03578486001196772,0.03578486001196772,0.03578486001196772,0.03578486001196772,0.03578486001196772,0.03578486001196772,0.03579456447503685,0.03579456447503685,0.03579456447503685,0.03580424468200928,0.03706621020333529,0.03706621020333529,0.03706621020333529,0.03706621020333529,0.03706621020333529,0.03742818064226304,0.03742818064226304,0.03757367772714761,0.038074150881087385,0.038074150881087385,0.038074150881087385,0.038074150881087385,0.03852982305094261,0.03973708356424648,0.03973708356424648,0.03973708356424649,0.03973708356424649,0.03973708356424649,0.03973708356424649,0.03973708356424649,0.03974897506224955,0.03974897506224955,0.040039935525983575,0.040039935525983575,0.040370707908142324,0.040370707908142324,0.040370707908142324,0.040758892429762765,0.040758892429762765,0.040758892429762765,0.040758892429762765,0.040758892429762765,0.04092539627301388,0.04092539627301388,0.04092539627301388,0.04092539627301388,0.04092539627301388,0.04092539627301388,0.04092539627301388,0.041400890406210644,0.04140089040621065,0.041949790545575495,0.041949790545575495,0.041949790545575495,0.041949790545575495,0.041949790545575495,0.04249169751115394,0.04249169751115394"
25,0.041768847085264744,"0.013739955986983318,0.011609255438988077,0.01614500333589773,0.01190385755419804,0.0008497053074003586,0.8300699127654214,0.015273728329647268,0.003157514300384288,0.01776015811665562,0.003973868574021213,0.002723558901042368,0.0053456818587517985,0.0018678672711118169,0.005347705522452547,0.01470656652526229,0.00436599759989589,0.0010553349424631839,0.02366205725480676,0.005542913594370932,0.010899356820245058",0.09351134300231934,"0.01402536765356242,0.014360123650504932,0.017161970338300834,0.017161970338300834,0.017313665736434253,0.017313665736434256,0.021387540337740017,0.021387540337740017,0.021387540337740017,0.021387540337740017,0.021387540337740017,0.022107220766069646,0.022107220766069646,0.02283619018244891,0.02283619018244891,0.024405677694779863,0.024405677694779863,0.02597796927575062,0.02597796927575062,0.02757863135249894,0.02757863135249894,0.02757863135249894,0.02757863135249894,0.02757863135249894,0.02757863135249894,0.02757863135249894,0.02757863135249894,0.027767343708526886,0.029007323097548523,0.03085730363430405,0.03159502159037458,0.03159502159037458,0.03159502159037458,0.031691341830749654,0.031691341830749654,0.031691341830749654,0.031691341830749654,0.031691341830749654,0.031691341830749654,0.03260138230154368,0.03260138230154368,0.03260138230154368,0.03326901666080367,0.03326901666080367,0.033706090920135795,0.03383395987239853,0.03399144782000741,0.03399144782000741,0.03454380503767721,0.03454380503767721,0.03454380503767721,0.03595639563063277,0.03595639563063277,0.03595639563063277,0.035997364609339076,0.03652641553908031,0.03652641553908031,0.03703814417667162,0.03710915319123357,0.03710915319123357,0.03710915319123357,0.037109153191233576,0.0381868112497899,0.0381868112497899,0.038563009462672417,0.038563009462672417,0.038563009462672417,0.038563009462672417,0.038563009462672417,0.038563009462672417,0.038563009462672417,0.039501354305752495,0.039501354305752495,0.039501354305752495,0.039501354305752495,0.039501354305752495,0.04046714229840723,0.04046714229840723,0.04046714229840723,0.04046714229840723,0.04046714229840723,0.04046714229840723,0.04046714229840723,0.04046714229840723,0.04046714229840723,0.04046714229840723,0.04046714229840723,0.04046714229840723,0.04046714229840723,0.04046714229840723,0.04046714229840723,0.04046714229840723,0.041768847085264744,0.041768847085264744,0.041768847085264744,0.041768847085264744,0.041768847085264744,0.041768847085264744,0.041768847085264744,0.041768847085264744"
26,0.04121340721735054,"0.01915325015437388,0.019084659873005224,0.002678369504676392,0.0071760175477318085,0.006129291070654654,0.8036119647702205,0.002174884760592984,0.040514433185603625,0.008063118659631925,0.0022557606387151523,0.006586373890008926,0.007887355289849376,0.01763323103674582,0.008461495625119683,0.00796353184253238,0.01043791781824738,0.0025263723254774903,0.015132959765232566,0.006868105755984793,0.005660906485595733",0.09438800811767578,"0.014497908035182298,0.014497908035182298,0.014497908035182298,0.018421740691080005,0.018421740691080005,0.019148071080248737,0.019148071080248737,0.019148071080248737,0.019148071080248737,0.019327649448211675,0.020265256423042867,0.020265256423042867,0.020265256423042867,0.02098870757800318,0.02249926222893646,0.02249926222893646,0.02249926222893646,0.02429002378746339,0.02429002378746339,0.02506926870441216,0.025415669810218026,0.026015878255605113,0.027882988974350775,0.027882988974350775,0.027882988974350775,0.030338938807518465,0.030338938807518465,0.030886242045385984,0.030886242045385984,0.031499673326071,0.031499673326071,0.031499673326071,0.03156009900855542,0.03156009900855542,0.03156009900855542,0.03230663219949929,0.03230663219949929,0.03230663219949929,0.03230663219949929,0.03466736132222422,0.03466736132222422,0.03466736132222422,0.03466736132222422,0.03466736132222422,0.03466736132222422,0.03466736132222422,0.03466736132222422,0.03466736132222422,0.03466736132222422,0.03472843241871926,0.035161916282903175,0.035161916282903175,0.035161916282903175,0.03556282896634846,0.036255336954319546,0.036255336954319546,0.03663171138145822,0.03749032684398512,0.03749032684398512,0.03749032684398512,0.03749032684398512,0.03749032684398512,0.03749032684398512,0.03749032684398512,0.03749032684398512,0.03766069781349067,0.0379397423032003,0.0379397423032003,0.0379397423032003,0.0379397423032003,0.03831390982537598,0.03831390982537598,0.03831390982537598,0.03831390982537598,0.03831390982537598,0.03831390982537598,0.03894792518083231,0.03894792518083231,0.038947925180832316,0.038947925180832316,0.03899034789012396,0.040127859354141225,0.040127859354141225,0.040127859354141225,0.040127859354141225,0.040127859354141225,0.040127859354141225,0.040127859354141225,0.040127859354141225,0.04121340721735054,0.04121340721735054,0.04121340721735054,0.04121340721735054,0.04121340721735054,0.04121340721735054,0.04121340721735054,0.04121340721735054,0.04121340721735054,0.04121340721735054,0.04121340721735054"
27,0.040510403999094814,"0.016022474416677486,0.005341774098455869,0.005316522643497533,0.0039946600321066165,0.004579291572900119,0.8106609823659271,0.005010132336737173,0.0018368635638684537,0.015707928206338827,0.0012391390976010021,0.022663819152273175,0.008014095563971431,0.0031302411998387924,0.0010761082301261598,0.020953190007726843,0.0018983122590357697,0.02776445142817794,0.02094940454034797,0.011290554040553845,0.012550055243837756",0.09403705596923828,"0.014503715198583879,0.014503715198583879,0.01664272079194018,0.016891009420312603,0.016891009420312603,0.01698541718863924,0.017045956887039505,0.021103015277318758,0.021103015277318758,0.021103015277318758,0.02138861736357084,0.02138861736357084,0.02138861736357084,0.02138861736357084,0.022496916189838376,0.022676284725157154,0.022676284725157154,0.024002042763257826,0.024002042763257826,0.024124169844871656,0.024965869437210835,0.024965869437210835,0.02728493745717686,0.02728493745717686,0.02728493745717686,0.028281236327578563,0.028281236327578563,0.028281236327578563,0.028281236327578563,0.02870083451492033,0.02870083451492033,0.02870083451492033,0.02939251221492072,0.029797070552539655,0.029797070552539655,0.030502936528586298,0.030502936528586298,0.030720847687319894,0.030720847687319894,0.030720847687319894,0.031283912075753845,0.031283912075753845,0.031283912075753845,0.03199117319943838,0.03199117319943839,0.03199117319943839,0.03199117319943839,0.03199117319943839,0.032499710485691766,0.03331502943369626,0.03331502943369626,0.03331502943369626,0.03406492639579226,0.03406492639579226,0.03473330787839828,0.03473330787839828,0.03473330787839828,0.03473330787839828,0.03473330787839828,0.03473330787839828,0.035840016531410036,0.035840016531410036,0.035840016531410036,0.035840016531410036,0.03624180397911211,0.03624180397911211,0.03767018073891311,0.03767018073891311,0.037670180738913116,0.037670180738913116,0.037670180738913116,0.037670180738913116,0.037670180738913116,0.037670180738913116,0.03906337913655583,0.03906337913655583,0.03906337913655583,0.03906337913655583,0.03906337913655583,0.03906337913655583,0.03906337913655583,0.03906337913655583,0.03906337913655583,0.03906337913655583,0.039224506699303115,0.039224506699303115,0.039224506699303115,0.039224506699303115,0.03954497213534354,0.03954497213534354,0.03989649269850789,0.03989649269850789,0.03989649269850789,0.03989649269850789,0.03989649269850789,0.040200274304140415,0.040200274304140415,0.040200274304140415,0.040510403999094814,0.040510403999094814"
28,0.041190519224916705,"0.015827987727120945,0.0070198741171258764,0.03745023227792618,0.00978395156659533,0.002035923198552779,0.7938580830307792,0.030428401593905082,0.04166760015136721,0.011533968606389682,0.003302991052467057,0.0017696891760071137,0.003713490354737675,0.01308911751639074,0.0012625819730857594,0.002018159574544559,0.00022160271346494882,0.005814794462934447,0.014703748768621471,0.001618670660564335,0.002879131477419691",0.09331297874450684,"0.018230097292549787,0.018230097292549787,0.018230097292549787,0.018230097292549787,0.018230097292549787,0.018448259616864596,0.018501434745735255,0.02025915089617773,0.02025915089617773,0.02249608619575675,0.022670647457134006,0.022703455523233024,0.022703455523233024,0.022703455523233024,0.025261583729161072,0.025261583729161072,0.025261583729161072,0.025535850947823156,0.02553585094782316,0.02553585094782316,0.025632061367754665,0.025632061367754665,0.026747256967341024,0.02674725696734103,0.02674725696734103,0.028254668968179252,0.028254668968179252,0.03017078002413267,0.03044791791409851,0.03044791791409851,0.03044791791409851,0.03044791791409851,0.03044791791409851,0.03059415469955899,0.031273539667204225,0.03130593311209085,0.03130593311209085,0.03130593311209085,0.032373197889909895,0.032373197889909895,0.032373197889909895,0.032373197889909895,0.033065861386700354,0.03501862654175194,0.03501862654175194,0.03501862654175194,0.035293890046500326,0.035293890046500326,0.035293890046500326,0.035293890046500326,0.035293890046500326,0.035293890046500326,0.035293890046500326,0.035293890046500326,0.035495651761286,0.035495651761286,0.035495651761286,0.035495651761286,0.035655312949881855,0.03598236835022852,0.03598236835022852,0.036477259597561124,0.036477259597561124,0.036477259597561124,0.036477259597561124,0.036477259597561124,0.03649930983664148,0.03704469334710716,0.03704469334710716,0.03893751141449129,0.03945447166774922,0.03945447166774922,0.03945447166774922,0.03949971122152384,0.03949971122152384,0.03949971122152384,0.03949971122152384,0.03962759672590867,0.03962759672590867,0.03962759672590867,0.039849372248680716,0.039849372248680716,0.039849372248680716,0.039849372248680716,0.04001724445246554,0.04001724445246554,0.04001724445246554,0.04001724445246554,0.040058298722551455,0.04035689349948154,0.04035689349948154,0.04081331808472292,0.04081331808472292,0.04081331808472292,0.04081331808472292,0.04081331808472292,0.041190519224916705,0.041190519224916705,0.041190519224916705,0.041190519224916705"
29,0.04090427269272305,"0.023895473867962525,0.026971071276715542,0.015859885718632092,0.0005439749832210588,0.009366970391906267,0.801794103441347,0.001304667414316879,0.017977034423757005,0.016885516334065803,0.009137060318499824,0.002262500191191494,0.002335238954086407,0.012871803768071875,0.0019175331104101022,0.015129452350341537,0.011990537617472206,0.004755995473804288,0.006151108212425599,0.01407000966898997,0.004780062482782521",0.09304404258728027,"0.013289317272217941,0.016140983002726456,0.016140983002726456,0.016140983002726456,0.016140983002726456,0.016140983002726456,0.01709886785897837,0.01709886785897837,0.01709886785897837,0.017184690541741425,0.019935392449618203,0.019935392449618203,0.02105622563801091,0.022330208438738532,0.022330208438738532,0.022330208438738532,0.022330208438738532,0.022330208438738532,0.022330208438738532,0.022734692784849873,0.022806867376680355,0.02283995814478771,0.026129882988550696,0.026129882988550696,0.026129882988550696,0.0261298829885507,0.0261298829885507,0.026168708912839064,0.026168708912839064,0.02617474925931363,0.026894933933101217,0.027200253958663774,0.027200253958663774,0.027807665967660225,0.027807665967660225,0.028110893886249867,0.028110893886249867,0.028110893886249867,0.028708866898676123,0.03052067977905596,0.03162810170125716,0.03162810170125716,0.03162810170125716,0.03162810170125716,0.03162810170125716,0.03162810170125716,0.03162810170125716,0.03162810170125716,0.03162810170125716,0.03283100988021718,0.0331918755222604,0.0331918755222604,0.03483549150973052,0.03483549150973052,0.03483549150973052,0.03483549150973052,0.03483549150973052,0.03483549150973052,0.03483549150973052,0.03483549150973052,0.03483549150973052,0.03483549150973052,0.03651285132227015,0.03651285132227015,0.03651285132227015,0.03651285132227015,0.03651285132227015,0.03651285132227015,0.03651285132227015,0.03677118994962184,0.03677118994962184,0.03677118994962184,0.03711798438445238,0.03711798438445238,0.03711798438445238,0.03926756842202052,0.039267568422020525,0.039267568422020525,0.039267568422020525,0.039267568422020525,0.039267568422020525,0.03927477396648815,0.03927477396648815,0.03927477396648815,0.03927477396648815,0.03927477396648815,0.03936715273962132,0.03936715273962132,0.039383375815145456,0.040062924811578,0.040062924811578,0.040062924811578,0.040062924811578,0.040062924811578,0.04090427269272305,0.04090427269272305,0.04090427269272305,0.04090427269272305,0.04090427269272305,0.04090427269272305"
30,0.04298853173523906,"0.03198309806481718,0.015259228098744216,0.0019436957493397674,0.0022199437626793353,0.004545488719425327,0.854637275291599,0.0015396521231182036,0.0030562309905769825,0.015535226209808958,0.014369147236384681,0.009186103669046711,0.0075719985259147075,0.007756491896649979,0.006674643070276103,0.0033206139191690703,5.300483373487449e-05,0.00768911322634252,0.0031110283142810123,0.008019042828655069,0.0015289734694362027",0.09245705604553223,"0.019952553367416987,0.020479756970803478,0.020479756970803478,0.020479756970803478,0.020601072873482736,0.021132309652799705,0.021132309652799705,0.0215992672265674,0.021707902699615783,0.021707902699615783,0.021817362309087783,0.022375971267556125,0.022375971267556125,0.022587788589073395,0.025275515750512796,0.025275515750512796,0.025275515750512796,0.025607962767341,0.028245829213932604,0.02830761612308679,0.02830761612308679,0.02830761612308679,0.02874635066045722,0.029512380024435007,0.029512380024435007,0.029928933249845573,0.029928933249845573,0.029928933249845573,0.030171999739941713,0.03135289905700343,0.03135289905700343,0.03135289905700343,0.03135289905700343,0.03135289905700343,0.03135289905700343,0.03152224732052222,0.03153566243861857,0.03209617524550934,0.03209617524550934,0.03357837563745662,0.03357837563745662,0.03357837563745662,0.034508773210127436,0.034508773210127436,0.034508773210127436,0.034607914817497566,0.035302275080197495,0.035302275080197495,0.035302275080197495,0.0357130110997643,0.0357130110997643,0.0357130110997643,0.037120435957645095,0.037120435957645095,0.037281336247432115,0.037281336247432115,0.037281336247432115,0.037281336247432115,0.037281336247432115,0.037281336247432115,0.03816505299885269,0.03816505299885269,0.03902358386673537,0.03902358386673537,0.03902358386673537,0.03902358386673537,0.03902358386673537,0.03902358386673537,0.03948441746476939,0.03948441746476939,0.03948441746476939,0.03948441746476939,0.03948441746476939,0.03948441746476939,0.03948441746476939,0.03994584734585165,0.03994584734585165,0.03994584734585165,0.03994584734585165,0.03994584734585165,0.03994584734585165,0.03994584734585165,0.04014410381360767,0.04014410381360767,0.041294192912387895,0.041294192912387895,0.04202424030048763,0.04202424030048763,0.04271515762406815,0.04271515762406815,0.04271515762406815,0.04271515762406815,0.04271515762406815,0.04271515762406815,0.04298853173523906,0.04298853173523906,0.04298853173523906,0.04298853173523906,0.04298853173523906,0.04298853173523906"
